{
  "train_loss": [
    0.6088638617233797,
    0.11950554089112715,
    0.02833809381858869,
    0.010099435203962705,
    0.005523268397982148,
    0.0035199288024821067,
    0.0024890355416573584,
    0.0018614020717160945,
    0.0014365499479357493,
    0.0010664567049719733,
    0.0008588110213167965
  ],
  "val_loss": [
    1.3029831886291503,
    0.036365332454442977,
    0.009835282899439335,
    0.004471063334494829,
    0.00261057848110795,
    0.0017000770894810557,
    0.0011750515084713697,
    0.0008561614318750799,
    0.0006479696952737868,
    0.0005124715331476182,
    0.00041177234961651263
  ],
  "val_auc": [
    1.0,
    1.0,
    1.0,
    1.0,
    1.0,
    1.0,
    1.0,
    1.0,
    1.0,
    1.0,
    1.0
  ]
}